{
	"format_version": "1.8.0",
	"animations": {
		"Manatee_IdleSwim": {
			"loop": true,
			"animation_length": 4.16,
			"bones": {
				"Manatee": {
					"rotation": {
						"0.0": [-0.5, 0, 0],
						"2.08": [0.5, 0, 0],
						"4.16": [-0.5, 0, 0]
					}
				},
				"Head": {
					"rotation": {
						"0.0": [-2.5, 0, 0],
						"2.08": [2.5, 0, 0],
						"4.16": [-2.5, 0, 0]
					}
				},
				"Head2": {
					"rotation": {
						"0.0": [0, 0, 0],
						"2.08": [-2.5, 0, 0],
						"4.16": [0, 0, 0]
					}
				},
				"RightFin": {
					"rotation": {
						"0.0": [17.5, 0, -22.5],
						"2.08": [17.25002, 2.99318, -32.04589],
						"4.16": [17.5, 0, -22.5]
					}
				},
				"LeftFin": {
					"rotation": {
						"0.0": [17.5, 0, 22.5],
						"2.08": [17.43745, -1.50179, 27.26968],
						"4.16": [17.5, 0, 22.5]
					}
				},
				"Tail": {
					"rotation": {
						"0.0": [5, 0, 0],
						"2.08": [-5, 0, 0],
						"4.16": [5, 0, 0]
					}
				},
				"Tail2": {
					"rotation": {
						"0.0": [5, 0, 0],
						"2.08": [-5, 0, 0],
						"4.16": [5, 0, 0]
					}
				}
			}
		},
		"Manatee_ActiveSwimHurt": {
			"loop": true,
			"animation_length": 2.08,
			"bones": {
				"Manatee": {
					"rotation": {
						"0.0": [1.5, 0, 0],
						"1.04": [-1.5, 0, 0],
						"2.08": [1.5, 0, 0]
					}
				},
				"Head2": {
					"rotation": {
						"0.0": [0, 0, 0],
						"1.04": [-2.5, 0, 0],
						"2.08": [0, 0, 0]
					}
				},
				"RightFin": {
					"rotation": {
						"0.0": [17.5, 0, -22.5],
						"1.04": [17.25002, 2.99318, -32.04589],
						"2.08": [17.5, 0, -22.5]
					}
				},
				"LeftFin": {
					"rotation": {
						"0.0": [17.5, 0, 22.5],
						"1.04": [17.43745, -1.50179, 27.26968],
						"2.08": [17.5, 0, 22.5]
					}
				},
				"Tail": {
					"rotation": {
						"0.0": [5, 0, 0],
						"1.04": [-5, 0, 0],
						"2.08": [5, 0, 0]
					}
				},
				"Tail2": {
					"rotation": {
						"0.0": [5, 0, 0],
						"1.04": [-5, 0, 0],
						"2.08": [5, 0, 0]
					}
				}
			}
		}
	},
	"geckolib_format_version": 2
}